Time,Sequence #,Data,Best Gateway,RSSI,SNR
2019-09-18 15:30:42,481,d77e0100bf02300d00016ba02b0005000000042f01,64-7F-DA-FF-FE-00-43-A5,-71,12.2
2019-09-18 14:30:43,480,d77e070da70100c2022f0d00016c3d2b0004000000032f01,64-7F-DA-FF-FE-00-43-A5,-68,13.2
2019-09-18 13:30:44,479,d77e0100e7022e0d000171aa2b0004000000032f09,64-7F-DA-FF-FE-00-43-A5,-67,13.5
2019-09-18 12:30:44,478,d77e070d8f0100f102300d000173322b0004000000032f09,64-7F-DA-FF-FE-00-43-A5,-69,13.2
2019-09-18 11:30:45,477,d77e0100ed02330d000172942b0005000000042f09,64-7F-DA-FF-FE-00-43-A5,-69,12.8
2019-09-18 10:30:46,476,d77e070d8f0100ee02350d0001726a2b0006000000042f09,64-7F-DA-FF-FE-00-43-A5,-71,13
2019-09-18 09:30:46,475,d77e0100c802390d00016ce62b000a000000082f09,64-7F-DA-FF-FE-00-43-A5,-67,10
2019-09-18 08:30:47,474,d77e070da20100ae023c0d0001690c2b000a000000082f02,64-7F-DA-FF-FE-00-43-A5,-68,13.5
2019-09-18 07:30:48,473,d77e010088023f0d000163a12b000d0000000a2f00,64-7F-DA-FF-FE-00-43-A5,-69,13.8
2019-09-18 06:30:48,472,d77e070d9d010074023f0d000160e72b000c000000092f00,64-7F-DA-FF-FE-00-43-A5,-68,12.8
2019-09-18 05:30:49,471,d77e01007c023e0d000161f92b0009000000072f00,64-7F-DA-FF-FE-00-51-DB,-101,5
2019-09-18 05:30:49,471,d77e01007c023e0d000161f92b0009000000072f00,64-7F-DA-FF-FE-00-43-A5,-67,13
2019-09-18 04:30:50,470,d77e070d9d01007f023c0d0001623e2b0007000000052f00,64-7F-DA-FF-FE-00-43-A5,-66,11.8
2019-09-18 03:30:50,469,d77e010085023b0d000163252b0006000000042f00,64-7F-DA-FF-FE-00-43-A5,-68,12.8
2019-09-18 02:30:51,468,d77e070da001008902390d000163b62b0006000000042f00,64-7F-DA-FF-FE-00-43-A5,-66,12.8
2019-09-18 01:30:52,467,d77e01009102380d000164b72b0006000000042f00,64-7F-DA-FF-FE-00-43-A5,-69,13.5
2019-09-18 00:30:52,466,d77e070da201009702360d000165852b0004000000022f00,64-7F-DA-FF-FE-00-43-A5,-67,12.8
2019-09-17 23:30:53,465,d77e01009b02350d000166192b0004000000032f00,64-7F-DA-FF-FE-00-43-A5,-67,12.5
2019-09-17 22:30:53,464,d77e070da50100a402340d000167562b0003000000022f00,64-7F-DA-FF-FE-00-43-A5,-67,14.8
2019-09-17 21:30:54,463,d77e0100a802330d000167e12b0004000000032f00,64-7F-DA-FF-FE-00-43-A5,-66,11.8
2019-09-17 20:30:55,462,d77e070da70100ad02320d0001689f2b0003000000022f00,64-7F-DA-FF-FE-00-43-A5,-69,14
2019-09-17 19:30:55,461,d77e0100b502310d000169b82b0003000000022f00,64-7F-DA-FF-FE-00-43-A5,-68,12.8
2019-09-17 18:30:56,460,d77e070da90100c302300d00016bb72b0004000000032f00,64-7F-DA-FF-FE-00-43-A5,-67,12.8
2019-09-17 17:30:57,459,d77e0100c502300d00016c012b0004000000032f00,72-76-FF-00-2E-05-04-F8,-109,-1.2
2019-09-17 17:30:57,459,d77e0100c502300d00016c012b0004000000032f00,64-7F-DA-FF-FE-00-43-A5,-68,13.5
2019-09-17 16:30:57,458,d77e070da90100c802300d00016c782b0003000000022f00,64-7F-DA-FF-FE-00-43-A5,-67,13
2019-09-17 15:30:58,457,d77e0100c702300d00016c722b0003000000022f01,64-7F-DA-FF-FE-00-43-A5,-69,9.5
2019-09-17 14:30:59,456,d77e070da90100cb02300d00016d042b0003000000022f02,64-7F-DA-FF-FE-00-43-A5,-72,12.8
2019-09-17 13:30:59,455,d77e0100ee022f0d0001722b2b0006000000042f09,64-7F-DA-FF-FE-00-43-A5,-73,12.8
2019-09-17 12:31:00,454,d77e070d8c0100ef02300d000172192b0003000000022f09,64-7F-DA-FF-FE-00-43-A5,-69,12.5
2019-09-17 11:31:01,453,d77e0100f302310d000172982b0004000000032f09,64-7F-DA-FF-FE-00-43-A5,-71,13.2
2019-09-17 10:31:01,452,d77e070d8a0100d902320d00016ecb2b0003000000022f09,64-7F-DA-FF-FE-00-43-A5,-71,12.5
2019-09-17 09:31:02,451,d77e0100e002320d00016f842b0004000000032f09,64-7F-DA-FF-FE-00-43-A5,-66,12.2
2019-09-17 08:31:03,450,d77e070da70100bf02350d00016ac72b0003000000022f02,72-76-FF-00-2E-05-04-F8,-107,-3
2019-09-17 08:31:03,450,d77e070da70100bf02350d00016ac72b0003000000022f02,64-7F-DA-FF-FE-00-43-A5,-67,13.2
2019-09-17 07:31:03,449,d77e01009202370d000164842b000a000000072f00,64-7F-DA-FF-FE-00-43-A5,-69,13.5
2019-09-17 06:31:04,448,d77e070da001008302380d0001626f2b0005000000042f00,64-7F-DA-FF-FE-00-43-A5,-69,13.2
2019-09-17 05:31:05,447,d77e01008a02360d000163672b0003000000022f00,64-7F-DA-FF-FE-00-43-A5,-71,13.5
2019-09-17 04:31:05,446,d77e070da001009102360d000164602b0003000000022f00,64-7F-DA-FF-FE-00-43-A5,-67,12.8
2019-09-17 03:31:07,445,d77e01009702350d000165222b0003000000022f00,64-7F-DA-FF-FE-00-43-A5,-66,11.8
2019-09-17 02:31:06,444,d77e070da201009202360d000164842b0004000000032f00,64-7F-DA-FF-FE-00-43-A5,-68,14
2019-09-17 01:31:07,443,d77e01009902340d000165752b0004000000032f00,72-76-FF-00-2E-05-04-F8,-113,-7
2019-09-17 01:31:07,443,d77e01009902340d000165752b0004000000032f00,64-7F-DA-FF-FE-00-43-A5,-66,8.5
2019-09-17 00:31:08,442,d77e070da20100a102330d000166902b0003000000022f00,64-7F-DA-FF-FE-00-43-A5,-67,13.5
2019-09-16 23:31:08,441,d77e0100a702310d000167732b0003000000022f00,64-7F-DA-FF-FE-00-43-A5,-68,13
2019-09-16 22:31:09,440,d77e070da70100b102300d000168dc2b0004000000032f00,64-7F-DA-FF-FE-00-43-A5,-68,13
2019-09-16 21:31:10,439,d77e0100b9022f0d00016a032b0005000000032f00,72-76-FF-00-2E-05-04-F8,-104,-7
2019-09-16 21:31:10,439,d77e0100b9022f0d00016a032b0005000000032f00,64-7F-DA-FF-FE-00-43-A5,-72,12.5
2019-09-16 20:31:10,438,d77e070da90100c3022e0d00016b5f2b0004000000032f00,64-7F-DA-FF-FE-00-43-A5,-69,13.5
2019-09-16 19:31:11,437,d77e0100cd022e0d00016cdb2b0005000000032f00,64-7F-DA-FF-FE-00-43-A5,-71,12.8
2019-09-16 18:31:12,436,d77e070dac0100da022d0d00016ed12b0004000000032f00,64-7F-DA-FF-FE-00-43-A5,-69,13.5
2019-09-16 17:31:12,435,d77e0100e9022d0d000170f12b0004000000032f00,64-7F-DA-FF-FE-00-43-A5,-67,12.2
2019-09-16 16:31:13,434,d77e070dae0100eb022d0d000171482b0004000000032f01,64-7F-DA-FF-FE-00-43-A5,-71,13.5
2019-09-16 15:31:14,433,d77e0100e8022e0d000170f52b0005000000042f01,64-7F-DA-FF-FE-00-43-A5,-72,12
2019-09-16 14:31:14,432,d77e070dae0100eb022e0d000171a52b0004000000032f02,64-7F-DA-FF-FE-00-43-A5,-72,13
2019-09-16 13:31:15,431,d77e010112022d0d000177622b0005000000032f09,64-7F-DA-FF-FE-00-43-A5,-72,11.8
2019-09-16 12:31:16,430,d77e070d9101010b022e0d000176c22b0003000000022f09,64-7F-DA-FF-FE-00-43-A5,-68,13
2019-09-16 11:31:16,429,d77e01010802310d0001764b2b0004000000022f09,64-7F-DA-FF-FE-00-43-A5,-71,12.5
2019-09-16 10:31:17,428,d77e070d9401011802320d000178162b0004000000022f09,64-7F-DA-FF-FE-00-43-A5,-68,14
2019-09-16 09:31:18,427,d77e0100fe02360d000173f02b0009000000072f09,64-7F-DA-FF-FE-00-43-A5,-69,12.8
2019-09-16 08:31:19,426,d77e070da70100d0023a0d00016d152b0004000000022f02,72-76-FF-00-2E-05-04-F8,-98,-12
2019-09-16 08:31:18,426,d77e070da70100d0023a0d00016d152b0004000000022f02,64-7F-DA-FF-FE-00-43-A5,-67,11.8
2019-09-16 07:31:19,425,d77e010096023d0d000165112b0005000000042f00,72-76-FF-00-2E-05-04-F8,-107,-6
2019-09-16 07:31:19,425,d77e010096023d0d000165112b0005000000042f00,64-7F-DA-FF-FE-00-43-A5,-69,12.5
2019-09-16 06:31:20,424,d77e070d9d01008b023d0d000163962b0003000000022f00,64-7F-DA-FF-FE-00-43-A5,-69,13.5
2019-09-16 05:31:21,423,d77e010088023d0d0001630e2b0003000000022f00,64-7F-DA-FF-FE-00-43-A5,-72,13.2
2019-09-16 04:31:21,422,d77e070da0010085023d0d000162c32b0002000000012f00,64-7F-DA-FF-FE-00-43-A5,-66,11.8
2019-09-16 03:31:21,421,d77e010089023c0d000163472b0002000000012f00,64-7F-DA-FF-FE-00-43-A5,-67,11.2
2019-09-16 02:31:22,420,d77e070da201008a023c0d0001635a2b0002000000012f00,64-7F-DA-FF-FE-00-43-A5,-68,11.5
2019-09-16 01:31:23,419,d77e01008a023b0d000163572b0003000000022f00,64-7F-DA-FF-FE-00-43-A5,-65,12.8
2019-09-16 00:31:24,418,d77e070da001008b023b0d000163a02b0003000000022f00,64-7F-DA-FF-FE-00-43-A5,-68,11
2019-09-15 23:31:24,417,d77e010092023a0d000164882b0004000000032f00,64-7F-DA-FF-FE-00-43-A5,-68,12.8
2019-09-15 22:31:25,416,d77e070da201009c02390d000166012b0002000000012f00,64-7F-DA-FF-FE-00-43-A5,-69,12.5
2019-09-15 21:31:25,415,d77e0100a702390d0001677b2b0002000000012f00,64-7F-DA-FF-FE-00-43-A5,-67,12
2019-09-15 20:31:26,414,d77e070da70100aa02390d000167f72b0003000000022f00,64-7F-DA-FF-FE-00-43-A5,-69,13.8
2019-09-15 19:31:27,413,d77e0100ad02380d000168672b0002000000012f00,64-7F-DA-FF-FE-00-43-A5,-67,11.8
2019-09-15 18:31:27,412,d77e070da70100b202370d000169412b0003000000022f00,64-7F-DA-FF-FE-00-43-A5,-66,12.5
2019-09-15 17:31:28,411,d77e0100b902370d00016a332b0003000000022f00,64-7F-DA-FF-FE-00-43-A5,-68,13.5
2019-09-15 16:31:29,410,d77e070da90100bc02370d00016a982b0003000000022f00,64-7F-DA-FF-FE-00-43-A5,-69,13.2
2019-09-15 15:31:29,409,d77e0100c702360d00016c312b0002000000012f01,64-7F-DA-FF-FE-00-43-A5,-73,12.8
2019-09-15 14:31:30,408,d77e070da90100cc02360d00016ced2b0003000000022f01,64-7F-DA-FF-FE-00-43-A5,-69,12.5
2019-09-15 13:31:31,407,d77e0100d302350d00016e162b0002000000012f02,72-76-FF-00-2E-05-04-F8,-103,-12
2019-09-15 13:31:31,407,d77e0100d302350d00016e162b0002000000012f02,64-7F-DA-FF-FE-00-43-A5,-69,13.2
2019-09-15 12:31:31,406,d77e070dac0100db02350d00016f4c2b0003000000022f02,64-7F-DA-FF-FE-00-43-A5,-69,12.8
2019-09-15 11:31:32,405,d77e0100ed02350d000171f02b0002000000012f09,64-7F-DA-FF-FE-00-43-A5,-69,12
2019-09-15 10:31:33,404,d77e070d8a0100e002380d00016feb2b0003000000022f09,64-7F-DA-FF-FE-00-43-A5,-69,13.2
2019-09-15 09:31:33,403,d77e0100e802390d000170da2b0003000000022f09,64-7F-DA-FF-FE-00-43-A5,-71,13
2019-09-15 08:31:34,402,d77e070da90100d0023c0d00016d422b0002000000012f03,64-7F-DA-FF-FE-00-51-DB,-92,4.2
2019-09-15 08:31:34,402,d77e070da90100d0023c0d00016d422b0002000000012f03,64-7F-DA-FF-FE-00-43-A5,-71,13.2
2019-09-15 07:31:35,401,d77e0100ab023e0d000167fc2b0003000000022f00,64-7F-DA-FF-FE-00-43-A5,-68,12.2
2019-09-15 06:31:35,400,d77e070da2010091023f0d000164922b0002000000012f00,64-7F-DA-FF-FE-00-43-A5,-68,12.8
2019-09-15 05:31:36,399,d77e010098023f0d000165912b0002000000012f00,64-7F-DA-FF-FE-00-43-A5,-70,13
2019-09-15 04:31:37,398,d77e070da201009d023e0d000166662b0002000000012f00,64-7F-DA-FF-FE-00-43-A5,-69,11.2
2019-09-15 03:31:37,397,d77e0100a5023d0d000167902b0002000000012f00,64-7F-DA-FF-FE-00-43-A5,-69,12.8
2019-09-15 02:31:38,396,d77e070da70100af023c0d000169082b0002000000012f00,64-7F-DA-FF-FE-00-43-A5,-69,13.2
2019-09-15 01:31:38,395,d77e0100b8023c0d00016a632b0002000000012f00,64-7F-DA-FF-FE-00-43-A5,-73,11.8
2019-09-15 00:31:39,394,d77e070da70100b6023d0d00016a252b0002000000012f00,64-7F-DA-FF-FE-00-43-A5,-72,12.8
2019-09-14 23:31:40,393,d77e0100c2023d0d00016be02b0002000000012f00,64-7F-DA-FF-FE-00-43-A5,-72,13.2
2019-09-14 22:31:40,392,d77e070da90100c7023d0d00016cba2b0002000000012f00,64-7F-DA-FF-FE-00-43-A5,-72,12.5
2019-09-14 21:31:41,391,d77e0100ce023e0d00016db92b0003000000022f00,64-7F-DA-FF-FE-00-43-A5,-69,13.5
2019-09-14 20:31:42,390,d77e070da90100d0023e0d00016e102b0005000000042f00,64-7F-DA-FF-FE-00-51-DB,-96,1.5
2019-09-14 20:31:42,390,d77e070da90100d0023e0d00016e102b0005000000042f00,64-7F-DA-FF-FE-00-43-A5,-69,12.8
2019-09-14 19:31:43,389,d77e0100d4023e0d00016e982b0003000000022f00,64-7F-DA-FF-FE-00-43-A5,-72,12.2
2019-09-14 18:31:43,388,d77e070dac0100dd023d0d0001700a2b0003000000022f00,64-7F-DA-FF-FE-00-43-A5,-69,13.8
2019-09-14 17:31:44,387,d77e0100e6023d0d000171532b0003000000022f00,64-7F-DA-FF-FE-00-43-A5,-71,13.2
2019-09-14 16:31:44,386,d77e070dae0100f0023e0d000172a92b0004000000032f01,64-7F-DA-FF-FE-00-43-A5,-68,13.2
2019-09-14 15:31:45,385,d77e0100dd02410d00016fb72b0006000000042f01,64-7F-DA-FF-FE-00-43-A5,-71,12.2
2019-09-14 14:31:46,384,d77e070da90100cd02410d00016d4d2b0005000000032f03,64-7F-DA-FF-FE-00-43-A5,-72,12.5
2019-09-14 13:31:46,383,d77e0100cf02410d00016d512b0004000000032f01,64-7F-DA-FF-FE-00-43-A5,-72,12.5
2019-09-14 12:31:47,382,d77e070da70100b602420d0001699e2b0004000000032f01,64-7F-DA-FF-FE-00-51-DB,-97,4.8
2019-09-14 11:31:48,381,d77e0100ad02430d0001684a2b0005000000042f00,64-7F-DA-FF-FE-00-43-A5,-69,6.2
2019-09-14 10:31:48,380,d77e070da20100a202430d000166862b0004000000022f00,64-7F-DA-FF-FE-00-43-A5,-72,12
2019-09-14 09:31:49,379,d77e01009902430d000165302b0004000000032f00,64-7F-DA-FF-FE-00-43-A5,-74,11.8
2019-09-14 08:31:50,378,d77e070da201009002430d000163ce2b0004000000032f00,64-7F-DA-FF-FE-00-43-A5,-69,12.8
2019-09-14 07:31:50,377,d77e01008f02420d000163af2b0005000000032f00,64-7F-DA-FF-FE-00-43-A5,-69,11.5
2019-09-14 06:31:51,376,d77e070da001008e02400d000163722b0007000000052f00,64-7F-DA-FF-FE-00-43-A5,-74,13.5
2019-09-14 05:31:52,375,d77e01009a023d0d000165122b0004000000032f00,64-7F-DA-FF-FE-00-43-A5,-73,11.8
2019-09-14 04:31:52,374,d77e070da201009e023b0d0001659b2b0004000000032f00,64-7F-DA-FF-FE-00-43-A5,-67,11
2019-09-14 03:31:53,373,d77e0100aa02380d000167312b0004000000032f00,64-7F-DA-FF-FE-00-43-A5,-67,14
2019-09-14 02:31:53,372,d77e070da70100ad02370d0001679a2b0005000000042f00,64-7F-DA-FF-FE-00-43-A5,-68,14.5
2019-09-14 01:31:54,371,d77e0100b002360d000167eb2b0004000000032f00,64-7F-DA-FF-FE-00-43-A5,-73,13
2019-09-14 00:31:55,370,d77e070da70100b302360d000168692b0004000000032f00,64-7F-DA-FF-FE-00-43-A5,-68,13.5
2019-09-13 23:31:55,369,d77e0100b402350d0001686a2b0004000000032f00,64-7F-DA-FF-FE-00-43-A5,-68,13.8
2019-09-13 22:31:56,368,d77e070da50100ae02350d000167832b0003000000022f00,64-7F-DA-FF-FE-00-43-A5,-66,12
2019-09-13 21:31:57,367,d77e0100b002340d000167df2b0003000000022f00,64-7F-DA-FF-FE-00-43-A5,-67,14
2019-09-13 20:31:57,366,d77e070da70100b702330d000168c72b0003000000022f00,64-7F-DA-FF-FE-00-43-A5,-69,12.5
2019-09-13 19:31:58,365,d77e0100c002320d00016a072b0003000000022f00,64-7F-DA-FF-FE-00-43-A5,-63,12.8
2019-09-13 18:31:59,364,d77e070da90100c802310d00016b242b0003000000022f00,64-7F-DA-FF-FE-00-43-A5,-68,14.2
2019-09-13 17:31:59,363,d77e0100ce02300d00016bfe2b0003000000022f00,64-7F-DA-FF-FE-00-43-A5,-67,13.2
2019-09-13 16:32:00,362,d77e070dac0100d1022f0d00016c522b0003000000022f01,64-7F-DA-FF-FE-00-51-DB,-98,8.5
2019-09-13 16:32:00,362,d77e070dac0100d1022f0d00016c522b0003000000022f01,64-7F-DA-FF-FE-00-43-A5,-69,14
2019-09-13 15:32:01,361,d77e0100d3022e0d00016cb92b0003000000022f02,72-76-FF-00-2E-05-04-F8,-111,-5.2
2019-09-13 15:32:01,361,d77e0100d3022e0d00016cb92b0003000000022f02,64-7F-DA-FF-FE-00-43-A5,-68,12.5
2019-09-13 14:32:01,360,d77e070da90100d1022e0d00016c952b0004000000032f02,64-7F-DA-FF-FE-00-43-A5,-67,11.8
2019-09-13 13:32:02,359,d77e0100ed022e0d000170a72b0003000000022f09,64-7F-DA-FF-FE-00-43-A5,-68,13.5
2019-09-13 12:32:03,358,d77e070d8f0100fc022f0d000172c52b0003000000022f09,64-7F-DA-FF-FE-00-43-A5,-67,13.2
2019-09-13 11:32:03,357,d77e0100f302300d000171692b0003000000022f09,64-7F-DA-FF-FE-00-43-A5,-69,13
2019-09-13 10:32:04,356,d77e070d8f0100ef02320d000170a12b0006000000042f09,72-76-FF-00-2E-05-04-F8,-107,0
2019-09-13 10:32:04,356,d77e070d8f0100ef02320d000170a12b0006000000042f09,64-7F-DA-FF-FE-00-43-A5,-67,11.2
2019-09-13 09:32:05,355,d77e0100dc02340d00016da42b0005000000042f09,64-7F-DA-FF-FE-00-43-A5,-69,13.5
2019-09-13 08:32:05,354,d77e070da20100b902380d000168ae2b0008000000062f04,64-7F-DA-FF-FE-00-43-A5,-71,12.5
2019-09-13 07:32:06,353,d77e01008f023a0d000162d12b0009000000072f00,72-76-FF-00-2E-05-04-F8,-104,-14
2019-09-13 07:32:06,353,d77e01008f023a0d000162d12b0009000000072f00,64-7F-DA-FF-FE-00-43-A5,-68,13
2019-09-13 06:32:06,352,d77e070d9d01006d023b0d00015e342b0006000000042f00,64-7F-DA-FF-FE-00-43-A5,-67,13
2019-09-13 05:32:07,351,d77e010075023a0d00015f442b0006000000042f00,64-7F-DA-FF-FE-00-43-A5,-66,11.5
2019-09-13 04:32:08,350,d77e070da001007c02390d000160432b0005000000042f00,64-7F-DA-FF-FE-00-51-DB,-96,-2
2019-09-13 04:32:08,350,d77e070da001007c02390d000160432b0005000000042f00,64-7F-DA-FF-FE-00-43-A5,-69,13
2019-09-13 03:32:08,349,d77e01008202380d000161062b0005000000042f00,64-7F-DA-FF-FE-00-43-A5,-67,11.5
2019-09-13 02:32:09,348,d77e070da001008702360d000161ac2b0004000000032f00,64-7F-DA-FF-FE-00-43-A5,-69,13.5
2019-09-13 01:32:10,347,d77e01009002350d000162f22b0004000000032f00,72-76-FF-00-2E-05-04-F8,-102,-9
2019-09-13 01:32:10,347,d77e01009002350d000162f22b0004000000032f00,64-7F-DA-FF-FE-00-43-A5,-66,11.2
2019-09-13 00:32:10,346,d77e070da201009602340d000163ce2b0004000000032f00,64-7F-DA-FF-FE-00-43-A5,-65,12.2
2019-09-12 23:32:11,345,d77e01009e02340d000164fe2b0003000000022f00,72-76-FF-00-2E-05-04-F8,-105,-4
2019-09-12 23:32:11,345,d77e01009e02340d000164fe2b0003000000022f00,64-7F-DA-FF-FE-00-43-A5,-67,12.5
2019-09-12 22:32:12,344,d77e070da70100a602330d000165ff2b0003000000022f00,64-7F-DA-FF-FE-00-43-A5,-69,13
2019-09-12 21:32:13,343,d77e0100ad02320d0001670b2b0003000000022f00,64-7F-DA-FF-FE-00-43-A5,-66,12.5
2019-09-12 20:32:13,342,d77e070da70100b002320d000167952b0003000000022f00,64-7F-DA-FF-FE-00-51-DB,-97,7.5
2019-09-12 20:32:13,342,d77e070da70100b002320d000167952b0003000000022f00,64-7F-DA-FF-FE-00-43-A5,-66,12.8
2019-09-12 19:32:13,341,d77e0100bb02310d0001692c2b0002000000012f00,64-7F-DA-FF-FE-00-43-A5,-66,12
2019-09-12 18:32:14,340,d77e070da90100c502310d00016a872b0002000000012f00,64-7F-DA-FF-FE-00-43-A5,-67,9.5
2019-09-12 17:32:15,339,d77e0100c802310d00016b372b0002000000012f00,64-7F-DA-FF-FE-00-43-A5,-69,13
2019-09-12 16:32:15,338,d77e070da90100cb02320d00016bb82b0002000000012f01,64-7F-DA-FF-FE-00-43-A5,-67,12.5
2019-09-12 15:32:16,337,d77e0100cb02330d00016bd92b0002000000012f01,64-7F-DA-FF-FE-00-43-A5,-71,12.5
2019-09-12 14:32:17,336,d77e070dac0100ca02340d00016c052b0002000000012f01,64-7F-DA-FF-FE-00-43-A5,-68,14.2
2019-09-12 13:32:17,335,d77e0100f102340d000171eb2b0002000000012f09,64-7F-DA-FF-FE-00-43-A5,-71,14
2019-09-12 12:32:18,334,d77e070d8f0100f702360d000172ae2b0002000000012f09,64-7F-DA-FF-FE-00-43-A5,-75,9.8
2019-09-12 11:32:19,333,d77e0100f502390d000172502b000a000000072f09,64-7F-DA-FF-FE-00-43-A5,-68,12.5
2019-09-12 10:32:20,332,d77e070d8c0100ea023b0d000170942b0003000000022f09,64-7F-DA-FF-FE-00-43-A5,-67,13.2
2019-09-12 09:32:20,331,d77e0100d0023e0d00016cbb2b0004000000032f09,64-7F-DA-FF-FE-00-43-A5,-71,11.8
2019-09-12 08:32:21,330,d77e070da70100be02400d000169f02b0003000000022f04,64-7F-DA-FF-FE-00-43-A5,-67,11.8
2019-09-12 07:32:21,329,d77e01009c02430d000165342b0005000000042f00,64-7F-DA-FF-FE-00-43-A5,-67,12
2019-09-12 06:32:22,328,d77e070da201008402440d000161af2b0003000000022f00,64-7F-DA-FF-FE-00-43-A5,-67,11.2
2019-09-12 05:32:23,327,d77e01008702430d0001622a2b0003000000022f00,64-7F-DA-FF-FE-00-43-A5,-67,14
2019-09-12 04:32:24,326,d77e070da201008d02420d000163022b0003000000022f00,64-7F-DA-FF-FE-00-43-A5,-66,12.2
2019-09-12 03:32:24,325,d77e01009102410d000163b52b0002000000012f00,64-7F-DA-FF-FE-00-43-A5,-69,13
2019-09-12 02:32:25,324,d77e070da201009502400d000164202b0002000000012f00,64-7F-DA-FF-FE-00-43-A5,-69,14
2019-09-12 01:32:25,323,d77e01009702400d0001647c2b0002000000012f00,64-7F-DA-FF-FE-00-43-A5,-69,13.5
2019-09-12 00:32:26,322,d77e070da201009b023f0d000165352b0002000000012f00,64-7F-DA-FF-FE-00-43-A5,-69,14
2019-09-11 23:32:27,321,d77e01009e023e0d000165b72b0001000000002f00,64-7F-DA-FF-FE-00-43-A5,-71,13.5
2019-09-11 22:32:27,320,d77e070da50100a5023e0d000166ca2b0002000000012f00,64-7F-DA-FF-FE-00-43-A5,-67,11.5
2019-09-11 21:32:28,319,d77e0100ac023f0d000167ea2b0002000000012f00,64-7F-DA-FF-FE-00-43-A5,-66,12.8
2019-09-11 20:32:29,318,d77e070da70100b7023e0d000169a72b0002000000012f00,64-7F-DA-FF-FE-00-43-A5,-65,12.5
2019-09-11 19:32:29,317,d77e0100bf023e0d00016b0f2b0003000000022f00,64-7F-DA-FF-FE-00-43-A5,-66,10.8
2019-09-11 18:32:30,316,d77e070dac0100d9023e0d00016f202b0003000000022f00,64-7F-DA-FF-FE-00-43-A5,-67,13.2
2019-09-11 17:32:30,315,d77e0100f0023e0d000172cc2b0004000000032f00,64-7F-DA-FF-FE-00-43-A5,-67,12
2019-09-11 16:32:31,314,d77e070db10100fd023f0d000175102b0005000000042f01,64-7F-DA-FF-FE-00-43-A5,-66,10.2
2019-09-11 15:32:32,313,d77e01011e023d0d00017a412b000c000000092f01,72-76-FF-00-2E-05-04-F8,-108,-8
2019-09-11 15:32:32,313,d77e01011e023d0d00017a412b000c000000092f01,64-7F-DA-FF-FE-00-51-DB,-101,3.5
2019-09-11 15:32:32,313,d77e01011e023d0d00017a412b000c000000092f01,64-7F-DA-FF-FE-00-43-A5,-69,13.5
2019-09-11 14:32:32,312,d77e070db601011b023f0d00017a242b000a000000082f02,64-7F-DA-FF-FE-00-43-A5,-68,12.8
2019-09-11 13:32:33,311,d77e010133023e0d00017dee2b000a000000082f09,64-7F-DA-FF-FE-00-43-A5,-68,12.2
2019-09-11 12:32:34,310,d77e070d9801012a02410d00017c292b000d0000000a2f09,64-7F-DA-FF-FE-00-51-DB,-93,-4.8
2019-09-11 12:32:34,310,d77e070d9801012a02410d00017c292b000d0000000a2f09,64-7F-DA-FF-FE-00-43-A5,-67,11.8
2019-09-11 11:32:34,309,d77e01013302420d00017d612b000e0000000b2f09,64-7F-DA-FF-FE-00-43-A5,-67,12.5
2019-09-11 10:32:35,308,d77e070d9801010402470d000175e02b000d0000000a2f09,72-76-FF-00-2E-05-04-F8,-107,-1
2019-09-11 10:32:35,308,d77e070d9801010402470d000175e02b000d0000000a2f09,64-7F-DA-FF-FE-00-43-A5,-67,12
2019-09-11 09:32:36,307,d77e0100ee024a0d000171e32b00130000000f2f09,72-76-FF-00-2E-05-04-F8,-102,-13
2019-09-11 09:32:36,307,d77e0100ee024a0d000171e32b00130000000f2f09,64-7F-DA-FF-FE-00-43-A5,-71,13.5
2019-09-11 08:32:36,306,d77e070da90100c7024c0d00016c092b00210000001a2f00,64-7F-DA-FF-FE-00-43-A5,-75,11.8
2019-09-11 07:32:37,305,d77e0100bb024b0d00016a312b001e000000182f00,64-7F-DA-FF-FE-00-43-A5,-72,-3.8
2019-09-11 06:32:38,304,d77e070da70100ae024b0d0001682e2b001f000000192f00,64-7F-DA-FF-FE-00-43-A5,-71,12
2019-09-11 05:32:38,303,d77e0100ad024b0d000167ed2b001d000000172f00,64-7F-DA-FF-FE-00-43-A5,-72,12.8
2019-09-11 04:32:39,302,d77e070da70100ac024a0d000167b02b0015000000112f00,64-7F-DA-FF-FE-00-43-A5,-71,12.2
2019-09-11 03:32:40,301,d77e0100ab02490d000167772b00110000000d2f00,64-7F-DA-FF-FE-00-43-A5,-72,12.5
2019-09-11 02:32:40,300,d77e070da70100ab02490d0001676a2b00120000000e2f00,64-7F-DA-FF-FE-00-43-A5,-67,11.8
2019-09-11 01:32:41,299,d77e0100a802480d000166cf2b000f0000000c2f00,64-7F-DA-FF-FE-00-43-A5,-68,12
2019-09-11 00:32:42,298,d77e070da70100a502470d000166612b00100000000d2f00,64-7F-DA-FF-FE-00-43-A5,-69,11.2
2019-09-10 23:32:42,297,d77e0100a202470d000165dc2b00100000000d2f00,64-7F-DA-FF-FE-00-43-A5,-67,10.5
2019-09-10 22:32:43,296,d77e070da501009e02460d000165282b000e0000000b2f00,64-7F-DA-FF-FE-00-43-A5,-69,12.5
2019-09-10 21:32:43,295,d77e0100a202440d000165cd2b0016000000112f00,64-7F-DA-FF-FE-00-43-A5,-71,11.5
2019-09-10 20:32:44,294,d77e070da70100ab02430d0001670d2b000f0000000c2f00,64-7F-DA-FF-FE-00-43-A5,-69,13
2019-09-10 19:32:45,293,d77e0100b402410d0001683e2b0009000000072f00,64-7F-DA-FF-FE-00-43-A5,-71,12.8
2019-09-10 18:32:45,292,d77e070da90100bd023e0d000169712b0006000000042f00,64-7F-DA-FF-FE-00-43-A5,-71,13
2019-09-10 17:32:46,291,d77e0100c7023c0d00016ab72b0005000000042f00,64-7F-DA-FF-FE-00-51-DB,-94,6.5
2019-09-10 17:32:46,291,d77e0100c7023c0d00016ab72b0005000000042f00,64-7F-DA-FF-FE-00-43-A5,-68,12.5
2019-09-10 16:32:47,290,d77e070da90100ca023b0d00016b252b0004000000032f00,64-7F-DA-FF-FE-00-43-A5,-68,13
2019-09-10 15:32:47,289,d77e0100cd023a0d00016b8a2b0007000000052f01,64-7F-DA-FF-FE-00-43-A5,-69,13.2
2019-09-10 14:32:48,288,d77e070dac0100d202390d00016c5c2b0006000000042f02,64-7F-DA-FF-FE-00-43-A5,-71,12.2
2019-09-10 13:32:49,287,d77e0100cb02390d00016b572b0005000000032f00,64-7F-DA-FF-FE-00-43-A5,-69,4.2
2019-09-10 12:32:49,286,d77e070d940100e102380d00016e932b0005000000042f09,64-7F-DA-FF-FE-00-43-A5,-67,13.5
2019-09-10 11:32:50,285,d77e0100dd023a0d00016dad2b0006000000042f09,64-7F-DA-FF-FE-00-43-A5,-69,13
2019-09-10 10:32:51,284,d77e070d8f0100d7023b0d00016cab2b0006000000042f09,64-7F-DA-FF-FE-00-43-A5,-73,12.8
2019-09-10 09:32:51,283,d77e0100bb023e0d000168912b000a000000082f09,64-7F-DA-FF-FE-00-43-A5,-71,12.5
2019-09-10 08:32:52,282,d77e070da001008c02420d000161f72b000b000000082f01,64-7F-DA-FF-FE-00-43-A5,-72,12
2019-09-10 07:32:53,281,d77e01009702420d000163592b000b000000082f00,64-7F-DA-FF-FE-00-43-A5,-67,12.5
2019-09-10 06:32:54,280,d77e070d9d01007202430d00015e482b000d0000000a2f00,72-76-FF-00-2E-05-04-F8,-111,-7.8
2019-09-10 06:32:53,280,d77e070d9d01007202430d00015e482b000d0000000a2f00,64-7F-DA-FF-FE-00-43-A5,-68,13.5
2019-09-10 05:32:54,279,d77e01007602430d00015ecf2b000e0000000b2f00,72-76-FF-00-2E-05-04-F8,-108,1
2019-09-10 05:32:54,279,d77e01007602430d00015ecf2b000e0000000b2f00,64-7F-DA-FF-FE-00-43-A5,-67,12.8
2019-09-10 04:32:55,278,d77e070d9d01007b02410d00015f7b2b000c000000092f00,64-7F-DA-FF-FE-00-43-A5,-68,13.8
2019-09-10 03:32:55,277,d77e01007c02400d00015f972b000b000000082f00,64-7F-DA-FF-FE-00-43-A5,-68,12.5
2019-09-10 02:32:56,276,d77e070da0010081023f0d000160322b0008000000062f00,64-7F-DA-FF-FE-00-43-A5,-67,11.8
2019-09-10 01:32:57,275,d77e010085023e0d000160c12b0008000000062f00,64-7F-DA-FF-FE-00-43-A5,-69,14
2019-09-10 00:32:57,274,d77e070da2010088023d0d000161282b000a000000082f00,64-7F-DA-FF-FE-00-43-A5,-65,11.5
2019-09-09 23:32:58,273,d77e01008e023c0d000161fe2b0009000000072f00,64-7F-DA-FF-FE-00-43-A5,-67,12.2
2019-09-09 22:32:59,272,d77e070da2010094023b0d000162da2b0007000000052f00,64-7F-DA-FF-FE-00-40-AB,-104,1.8
2019-09-09 22:32:58,272,d77e070da2010094023b0d000162da2b0007000000052f00,64-7F-DA-FF-FE-00-43-A5,-67,11.8
2019-09-09 21:32:59,271,d77e01009d02390d000164122b000b000000082f00,64-7F-DA-FF-FE-00-43-A5,-69,12.5
2019-09-09 20:33:00,270,d77e070da50100a402380d000164f82b000c000000092f00,64-7F-DA-FF-FE-00-43-A5,-67,14
2019-09-09 19:33:00,269,d77e0100aa02370d000165d42b0004000000022f00,64-7F-DA-FF-FE-00-43-A5,-69,11.5
2019-09-09 18:33:01,268,d77e070da70100b102360d000166fb2b0004000000032f00,64-7F-DA-FF-FE-00-43-A5,-67,13.8
2019-09-09 17:33:02,267,d77e0100ba02360d000168312b0003000000022f00,64-7F-DA-FF-FE-00-43-A5,-67,13
2019-09-09 16:33:02,266,d77e070da90100b902360d000168202b0003000000022f01,64-7F-DA-FF-FE-00-43-A5,-68,12.2
2019-09-09 15:33:03,265,d77e0100bd02360d0001689b2b0003000000022f01,64-7F-DA-FF-FE-00-43-A5,-69,11.2
2019-09-09 14:33:04,264,d77e070da70100bd02370d000168c22b0003000000022f02,64-7F-DA-FF-FE-00-43-A5,-67,13.2
2019-09-09 13:33:04,263,d77e0100e402360d00016e0f2b0004000000032f09,64-7F-DA-FF-FE-00-43-A5,-65,9
2019-09-09 12:33:05,262,d77e070da70100c302370d000169a92b0006000000042f03,64-7F-DA-FF-FE-00-43-A5,-66,12.5
2019-09-09 11:33:06,261,d77e0100b802390d000168212b0004000000032f09,64-7F-DA-FF-FE-00-43-A5,-72,11.5
2019-09-09 10:33:06,260,d77e070d8a0100d702380d00016c942b0003000000022f09,64-7F-DA-FF-FE-00-43-A5,-67,10
2019-09-09 09:33:07,259,d77e0100c2023b0d0001696c2b0003000000022f09,64-7F-DA-FF-FE-00-43-A5,-68,11.8
2019-09-09 08:33:07,258,d77e070da20100c2023c0d000169102b0003000000022f09,64-7F-DA-FF-FE-00-43-A5,-69,14.2
2019-09-09 07:33:08,257,d77e01008902400d000161242b0006000000042f00,64-7F-DA-FF-FE-00-43-A5,-66,12.5
2019-09-09 06:33:09,256,d77e070da201007f02410d00015fd72b0006000000042f00,64-7F-DA-FF-FE-00-43-A5,-64,11.8
2019-09-09 05:33:10,255,d77e01007f02400d00015fbf2b0002000000012f00,64-7F-DA-FF-FE-00-43-A5,-68,12.8
2019-09-09 04:33:10,254,d77e070d9d01007702400d00015eb52b0002000000012f00,64-7F-DA-FF-FE-00-43-A5,-66,12.8
2019-09-09 03:33:12,253,d77e01007902400d00015ee42b0002000000012f00,64-7F-DA-FF-FE-00-43-A5,-66,12.8
2019-09-09 02:33:11,252,d77e070da001007d023f0d00015f772b0002000000012f00,64-7F-DA-FF-FE-00-43-A5,-67,13
2019-09-09 01:33:12,251,d77e010081023f0d000160232b0002000000012f00,64-7F-DA-FF-FE-00-43-A5,-66,11
2019-09-09 00:33:12,250,d77e070da2010088023e0d0001610e2b0002000000012f00,64-7F-DA-FF-FE-00-43-A5,-66,11.8
2019-09-08 23:33:13,249,d77e010093023d0d000162912b0002000000012f00,64-7F-DA-FF-FE-00-43-A5,-65,11.8
2019-09-08 22:33:14,248,d77e070da701009c023d0d000163f52b0002000000012f00,64-7F-DA-FF-FE-00-43-A5,-68,11
2019-09-08 21:33:15,247,d77e01009f023d0d0001647e2b0003000000022f00,64-7F-DA-FF-FE-00-43-A5,-66,12.5
2019-09-08 20:33:15,246,d77e070da20100a1023d0d000164bd2b0003000000022f00,64-7F-DA-FF-FE-00-43-A5,-65,12.2
2019-09-08 19:33:16,245,d77e0100a7023c0d000165b32b0003000000022f00,64-7F-DA-FF-FE-00-43-A5,-66,12.8
2019-09-08 18:33:17,244,d77e070da70100b8023b0d0001682a2b0003000000022f00,64-7F-DA-FF-FE-00-43-A5,-66,13.5
2019-09-08 17:33:17,243,d77e0100c5023a0d00016a112b0003000000022f00,64-7F-DA-FF-FE-00-43-A5,-69,13.5
2019-09-08 16:33:18,242,d77e070dac0100cc023a0d00016b1f2b0002000000012f01,64-7F-DA-FF-FE-00-43-A5,-67,12
2019-09-08 15:33:19,241,d77e0100d2023b0d00016c022b0002000000012f02,64-7F-DA-FF-FE-00-43-A5,-68,13.2
2019-09-08 14:33:19,240,d77e070da70100d8023c0d00016cb52b0002000000012f07,64-7F-DA-FF-FE-00-43-A5,-75,13.2
2019-09-08 13:33:20,239,d77e0100bd023e0d000169062b0003000000022f00,64-7F-DA-FF-FE-00-43-A5,-68,13.5
2019-09-08 12:33:21,238,d77e070da70100b6023f0d0001681c2b0002000000012f00,64-7F-DA-FF-FE-00-43-A5,-66,13.2
2019-09-08 11:33:21,237,d77e010102023c0d000173052b0003000000022f09,64-7F-DA-FF-FE-00-43-A5,-65,13.5
2019-09-08 10:33:22,236,d77e070da90100d102410d00016ba02b0004000000032f02,64-7F-DA-FF-FE-00-43-A5,-66,13.5
2019-09-08 09:33:22,235,d77e0100a502450d000165412b000a000000082f01,64-7F-DA-FF-FE-00-43-A5,-66,11.8
2019-09-08 08:33:23,234,d77e070da501009e02460d000164502b0009000000072f00,64-7F-DA-FF-FE-00-43-A5,-68,12.8
2019-09-08 07:33:24,233,d77e01008b02470d0001618f2b000c000000092f00,64-7F-DA-FF-FE-00-43-A5,-66,12.8
2019-09-08 06:33:24,232,d77e070da201008902470d000161432b000f0000000c2f00,64-7F-DA-FF-FE-00-43-A5,-65,12.5
2019-09-08 05:33:25,231,d77e01008802470d000161132b0016000000112f00,64-7F-DA-FF-FE-00-43-A5,-71,11.8
2019-09-08 04:33:26,230,d77e070da201008802470d000161172b000f0000000c2f00,72-76-FF-00-2E-05-04-F8,-106,-8
2019-09-08 04:33:26,230,d77e070da201008802470d000161172b000f0000000c2f00,64-7F-DA-FF-FE-00-43-A5,-71,12.8
2019-09-08 03:33:26,229,d77e01008e02460d000161f92b000d0000000a2f00,64-7F-DA-FF-FE-00-43-A5,-71,12.8
2019-09-08 02:33:27,228,d77e070da201009102460d000162312b0006000000042f00,64-7F-DA-FF-FE-00-43-A5,-69,13.8
2019-09-08 01:33:28,227,d77e01008d02450d0001619e2b0007000000052f00,64-7F-DA-FF-FE-00-43-A5,-68,12.2
2019-09-08 00:33:28,226,d77e070da201008c02450d0001618f2b0006000000042f00,64-7F-DA-FF-FE-00-43-A5,-68,12.2
2019-09-07 23:33:29,225,d77e01009902430d000163392b0006000000042f00,64-7F-DA-FF-FE-00-43-A5,-68,14
2019-09-07 22:33:30,224,d77e070da201009702430d000162eb2b0004000000032f00,72-76-FF-00-2E-05-04-F8,-100,-10
2019-09-07 22:33:29,224,d77e070da201009702430d000162eb2b0004000000032f00,64-7F-DA-FF-FE-00-43-A5,-68,11.8
2019-09-07 21:33:30,223,d77e01009702430d000162e82b0005000000042f00,64-7F-DA-FF-FE-00-43-A5,-69,12.8
2019-09-07 20:33:31,222,d77e070da201009602420d000162bc2b0005000000042f00,64-7F-DA-FF-FE-00-43-A5,-64,12.5
2019-09-07 19:33:32,221,d77e01009802410d000163062b0007000000052f00,64-7F-DA-FF-FE-00-51-DB,-96,1.8
2019-09-07 19:33:32,221,d77e01009802410d000163062b0007000000052f00,64-7F-DA-FF-FE-00-40-AB,-95,1
2019-09-07 19:33:32,221,d77e01009802410d000163062b0007000000052f00,64-7F-DA-FF-FE-00-43-A5,-66,11.5
2019-09-07 18:33:32,220,d77e070da70100a002400d0001641e2b0008000000062f00,64-7F-DA-FF-FE-00-51-DB,-98,3
2019-09-07 18:33:32,220,d77e070da70100a002400d0001641e2b0008000000062f00,64-7F-DA-FF-FE-00-43-A5,-67,8.8
2019-09-07 17:33:33,219,d77e0100a4023d0d000164b42b0008000000062f00,64-7F-DA-FF-FE-00-40-AB,-99,3.8
2019-09-07 17:33:33,219,d77e0100a4023d0d000164b42b0008000000062f00,64-7F-DA-FF-FE-00-43-A5,-74,13
2019-09-07 16:33:33,218,d77e070da70100bf02390d0001687c2b0008000000062f00,64-7F-DA-FF-FE-00-43-A5,-66,13.2
2019-09-07 15:33:34,217,d77e0100d002360d00016b092b0006000000042f00,64-7F-DA-FF-FE-00-43-A5,-66,13.2
2019-09-07 14:33:35,216,d77e070dac0100da02350d00016c9d2b0005000000042f00,64-7F-DA-FF-FE-00-43-A5,-64,11.5
2019-09-07 13:33:35,215,d77e0100e802360d00016ed62b0005000000032f09,64-7F-DA-FF-FE-00-43-A5,-69,13.5
2019-09-07 12:33:36,214,d77e070d940100fd02360d000171ed2b0004000000032f09,64-7F-DA-FF-FE-00-43-A5,-67,11.5
2019-09-07 11:33:37,213,d77e0100ed02390d00016fa22b0004000000032f09,64-7F-DA-FF-FE-00-43-A5,-69,13.8
2019-09-07 10:33:37,212,d77e070d940100df023c0d00016d6a2b0005000000042f09,64-7F-DA-FF-FE-00-43-A5,-66,12.2
2019-09-07 09:33:38,211,d77e0100e6023d0d00016e152b0005000000042f09,64-7F-DA-FF-FE-00-51-DB,-102,1.8
2019-09-07 09:33:38,211,d77e0100e6023d0d00016e152b0005000000042f09,64-7F-DA-FF-FE-00-43-A5,-65,8.2
2019-09-07 08:33:39,210,d77e070da70100b202410d000166b32b0006000000042f01,64-7F-DA-FF-FE-00-43-A5,-66,12.2
2019-09-07 07:33:39,209,d77e0100a002420d000164152b0006000000042f00,64-7F-DA-FF-FE-00-43-A5,-68,13.8
2019-09-07 06:33:40,208,d77e070da501009902420d000163062b0005000000042f00,64-7F-DA-FF-FE-00-43-A5,-71,10.8
2019-09-07 05:33:40,207,d77e0100a002410d000163f02b0006000000042f00,64-7F-DA-FF-FE-00-43-A5,-68,13
2019-09-07 04:33:41,206,d77e070da20100a402400d000164892b0006000000042f00,64-7F-DA-FF-FE-00-43-A5,-67,11.8
2019-09-07 03:33:42,205,d77e0100a9023f0d000165342b0006000000042f00,64-7F-DA-FF-FE-00-43-A5,-66,12.5
2019-09-07 02:33:42,204,d77e070da70100aa023e0d000165592b0005000000042f00,64-7F-DA-FF-FE-00-43-A5,-71,13.2
2019-09-07 01:33:43,203,d77e0100ae023d0d000165d02b0006000000042f00,64-7F-DA-FF-FE-00-43-A5,-69,13
2019-09-07 00:33:44,202,d77e070da70100b2023c0d000166652b0005000000042f00,64-7F-DA-FF-FE-00-43-A5,-69,12.8
2019-09-06 23:33:45,201,d77e0100b3023b0d000166832b0003000000022f00,64-7F-DA-FF-FE-00-43-A5,-69,13.8
2019-09-06 22:33:45,200,d77e070da70100b8023b0d000167462b0004000000032f00,64-7F-DA-FF-FE-00-40-AB,-107,3.8
2019-09-06 22:33:45,200,d77e070da70100b8023b0d000167462b0004000000032f00,64-7F-DA-FF-FE-00-43-A5,-68,11.2
2019-09-06 21:33:46,199,d77e0100bb023b0d000167c42b0004000000022f00,64-7F-DA-FF-FE-00-43-A5,-72,13
2019-09-06 20:33:47,198,d77e070da90100bf023a0d0001684d2b0004000000032f00,64-7F-DA-FF-FE-00-43-A5,-68,13
2019-09-06 19:33:47,197,d77e0100c902390d000169b12b0006000000042f00,64-7F-DA-FF-FE-00-40-AB,-102,0.2
2019-09-06 19:33:47,197,d77e0100c902390d000169b12b0006000000042f00,64-7F-DA-FF-FE-00-43-A5,-71,12.2
2019-09-06 18:33:48,196,d77e070dac0100d502370d00016b622b0005000000042f00,72-76-FF-00-2E-05-04-F8,-103,-7
2019-09-06 18:33:48,196,d77e070dac0100d502370d00016b622b0005000000042f00,64-7F-DA-FF-FE-00-43-A5,-68,13
2019-09-06 17:33:48,195,d77e0100e202360d00016d682b0006000000042f00,64-7F-DA-FF-FE-00-43-A5,-71,13.2
2019-09-06 16:33:49,194,d77e070db10100ea02350d00016e8c2b0005000000042f01,64-7F-DA-FF-FE-00-43-A5,-68,12
2019-09-06 15:33:50,193,d77e0100e602350d00016e0d2b0005000000032f01,64-7F-DA-FF-FE-00-43-A5,-71,13
2019-09-06 14:33:50,192,d77e070dac0100e702360d00016e592b0004000000032f04,64-7F-DA-FF-FE-00-43-A5,-73,12.2
2019-09-06 13:33:51,191,d77e0100ff02370d000171ec2b0006000000042f09,64-7F-DA-FF-FE-00-43-A5,-68,14
2019-09-06 12:33:52,190,d77e070d980100ef023a0d00016f912b0007000000052f09,64-7F-DA-FF-FE-00-43-A5,-66,13.2
2019-09-06 11:33:52,189,d77e0100e0023c0d00016d0c2b000a000000082f09,64-7F-DA-FF-FE-00-43-A5,-73,12.8
2019-09-06 10:33:53,188,d77e070da50100c2023f0d000168722b000b000000082f09,64-7F-DA-FF-FE-00-51-DB,-102,-5.5
2019-09-06 09:33:54,187,d77e0100a402410d000164332b000c000000092f00,64-7F-DA-FF-FE-00-51-DB,-98,4.5
2019-09-06 08:33:54,186,d77e070da20100a202410d000163cb2b000a000000082f00,64-7F-DA-FF-FE-00-43-A5,-72,12.8
2019-09-06 07:33:55,185,d77e01009302410d000161ad2b000a000000082f00,64-7F-DA-FF-FE-00-43-A5,-72,11.5
2019-09-06 06:33:56,184,d77e070da501008e02410d000160f52b000a000000082f00,64-7F-DA-FF-FE-00-43-A5,-68,13.8
2019-09-06 05:33:56,183,d77e01009602400d000162002b0008000000062f00,64-7F-DA-FF-FE-00-43-A5,-81,13
2019-09-06 04:33:57,182,d77e070da201009c023e0d000162d02b0008000000062f00,64-7F-DA-FF-FE-00-43-A5,-72,12.2
2019-09-06 03:33:57,181,d77e01009f023e0d000163472b0009000000072f00,64-7F-DA-FF-FE-00-43-A5,-68,11.5
2019-09-06 02:33:58,180,d77e070da50100a0023c0d000163552b000b000000082f00,72-76-FF-00-2E-05-04-F8,-105,-2
2019-09-06 02:33:58,180,d77e070da50100a0023c0d000163552b000b000000082f00,64-7F-DA-FF-FE-00-43-A5,-68,13.5
2019-09-06 01:34:03,179,d77e0100a5023b0d000163ec2b0009000000072f00,72-76-FF-00-2E-05-04-F8,-109,-3
2019-09-06 01:33:59,179,d77e0100a5023b0d000163ec2b0009000000072f00,64-7F-DA-FF-FE-00-43-A5,-72,12.8
2019-09-06 00:33:59,178,d77e070da70100ab02390d000164e02b0009000000072f00,64-7F-DA-FF-FE-00-43-A5,-72,12.8
2019-09-05 23:34:00,177,d77e0100b402380d0001661d2b0009000000072f00,64-7F-DA-FF-FE-00-43-A5,-69,12.2
2019-09-05 22:34:01,176,d77e070da70100b602360d000166662b000a000000082f00,64-7F-DA-FF-FE-00-43-A5,-71,13
2019-09-05 21:34:01,175,d77e0100bf02350d000167a22b0009000000072f00,64-7F-DA-FF-FE-00-43-A5,-75,13
2019-09-05 20:34:02,174,d77e070dac0100c602340d000168a12b0007000000052f00,64-7F-DA-FF-FE-00-43-A5,-71,10.8
2019-09-05 19:34:03,173,d77e0100cf02340d000169f92b0005000000042f00,72-76-FF-00-2E-05-04-F8,-104,-2
2019-09-05 19:34:03,173,d77e0100cf02340d000169f92b0005000000042f00,64-7F-DA-FF-FE-00-43-A5,-72,11.8
2019-09-05 18:34:03,172,d77e070dac0100da02330d00016b992b0006000000042f00,64-7F-DA-FF-FE-00-43-A5,-64,12
2019-09-05 17:34:04,171,d77e0100e202330d00016cdc2b0005000000042f00,64-7F-DA-FF-FE-00-43-A5,-72,12.2
2019-09-05 16:34:05,170,d77e070dae0100e502330d00016d772b0006000000042f01,64-7F-DA-FF-FE-00-43-A5,-71,11.5
2019-09-05 15:34:05,169,d77e0100ea02330d00016e682b0005000000042f01,64-7F-DA-FF-FE-00-43-A5,-77,13.8
2019-09-05 14:34:06,168,d77e070db10100f802330d000170ce2b0004000000032f03,64-7F-DA-FF-FE-00-43-A5,-75,13
2019-09-05 13:34:07,167,d77e01012302320d0001771d2b0005000000032f09,64-7F-DA-FF-FE-00-43-A5,-79,13.2
2019-09-05 12:34:07,166,d77e070d9601012802340d000177e02b0005000000042f09,64-7F-DA-FF-FE-00-43-A5,-72,11.8
2019-09-05 11:34:08,165,d77e01011c02360d0001764c2b0004000000032f09,64-7F-DA-FF-FE-00-43-A5,-71,13.5
2019-09-05 10:34:09,164,d77e070d9401011202390d000174bc2b0004000000032f09,64-7F-DA-FF-FE-00-43-A5,-74,13.2
2019-09-05 09:34:09,163,d77e010106023c0d000172b92b0004000000032f09,64-7F-DA-FF-FE-00-51-DB,-92,7.5
2019-09-05 09:34:09,163,d77e010106023c0d000172b92b0004000000032f09,64-7F-DA-FF-FE-00-43-A5,-69,12
2019-09-05 08:34:10,162,d77e070da20100e8023f0d00016ded2b0007000000052f09,64-7F-DA-FF-FE-00-43-A5,-69,12.5
2019-09-05 07:34:11,161,d77e0100bd02430d000167ac2b0005000000042f00,64-7F-DA-FF-FE-00-51-DB,-90,-1.8
2019-09-05 07:34:11,161,d77e0100bd02430d000167ac2b0005000000042f00,64-7F-DA-FF-FE-00-43-A5,-74,9.5
2019-09-05 06:34:11,160,d77e070da201008f02450d0001613f2b0004000000032f00,64-7F-DA-FF-FE-00-51-DB,-91,10.8
2019-09-05 06:34:11,160,d77e070da201008f02450d0001613f2b0004000000032f00,64-7F-DA-FF-FE-00-43-A5,-68,11.8
2019-09-05 05:34:12,159,d77e01008d02450d0001610a2b0003000000022f00,64-7F-DA-FF-FE-00-43-A5,-72,12.2
2019-09-05 04:34:13,158,d77e070da201009202450d000161cc2b0002000000012f00,64-7F-DA-FF-FE-00-43-A5,-68,11.8
2019-09-05 03:34:13,157,d77e01009502450d000162312b0002000000012f00,64-7F-DA-FF-FE-00-43-A5,-64,11.2
2019-09-05 02:34:14,156,d77e070da501009d02440d000163822b0002000000012f00,64-7F-DA-FF-FE-00-43-A5,-68,13.2
2019-09-05 01:34:15,155,d77e0100a902430d000165312b0002000000012f00,72-76-FF-00-2E-05-04-F8,-108,-3
2019-09-05 01:34:15,155,d77e0100a902430d000165312b0002000000012f00,64-7F-DA-FF-FE-00-43-A5,-71,12.5
2019-09-05 00:34:15,154,d77e070da70100ac02430d000165bb2b0002000000012f00,64-7F-DA-FF-FE-00-43-A5,-68,12.2
2019-09-04 23:34:16,153,d77e0100ab02430d000165ba2b0002000000012f00,64-7F-DA-FF-FE-00-43-A5,-73,12.5
2019-09-04 22:34:16,152,d77e070da70100ac02430d000165ca2b0002000000012f00,64-7F-DA-FF-FE-00-43-A5,-72,12
2019-09-04 21:34:17,151,d77e0100a702440d000165402b0003000000022f00,64-7F-DA-FF-FE-00-43-A5,-73,12.2
2019-09-04 20:34:18,150,d77e070da70100ae02440d000166872b0002000000012f00,64-7F-DA-FF-FE-00-43-A5,-71,13.2
2019-09-04 19:34:18,149,d77e0100bb02450d0001689e2b0002000000012f00,64-7F-DA-FF-FE-00-43-A5,-69,13.5
2019-09-04 18:34:19,148,d77e070dac0100cd02450d00016b7e2b0003000000022f00,64-7F-DA-FF-FE-00-43-A5,-69,13.2
2019-09-04 17:34:20,147,d77e0100de02470d00016e572b0003000000022f00,64-7F-DA-FF-FE-00-43-A5,-68,12.8
2019-09-04 16:34:20,146,d77e070db10100ee02480d000170cf2b0002000000012f01,64-7F-DA-FF-FE-00-43-A5,-68,11.5
2019-09-04 15:34:21,145,d77e0100fa02490d000172ca2b0002000000012f02,64-7F-DA-FF-FE-00-43-A5,-73,12.5
2019-09-04 14:34:22,144,d77e070db30100f6024a0d000172502b0005000000042f00,64-7F-DA-FF-FE-00-43-A5,-68,14.2
2019-09-04 13:34:22,143,d77e010108024b0d000174ed2b0006000000042f00,64-7F-DA-FF-FE-00-43-A5,-81,4
2019-09-04 12:34:23,142,d77e070dae0100f4024e0d000171192b0009000000072f04,64-7F-DA-FF-FE-00-43-A5,-71,10.5
2019-09-04 11:34:24,141,d77e0100c902500d00016a422b000c000000092f02,64-7F-DA-FF-FE-00-43-A5,-72,12.5
2019-09-04 10:34:24,140,d77e070dac0100be02500d0001688d2b000d0000000a2f00,64-7F-DA-FF-FE-00-43-A5,-80,12.2
2019-09-04 09:34:25,139,d77e0100bc024f0d000168142b000c000000092f00,64-7F-DA-FF-FE-00-43-A5,-73,12
2019-09-04 08:34:25,138,d77e070da90100ba024d0d000167812b000d0000000a2f00,64-7F-DA-FF-FE-00-43-A5,-77,11.2
2019-09-04 07:34:26,137,d77e0100b4024b0d000166862b000c000000092f00,64-7F-DA-FF-FE-00-43-A5,-67,13.2
2019-09-04 06:34:27,136,d77e070da70100b202490d000166062b000c000000092f00,64-7F-DA-FF-FE-00-43-A5,-74,13.5
2019-09-04 05:34:28,135,d77e0100b802460d000166cc2b000b000000082f00,64-7F-DA-FF-FE-00-43-A5,-73,12.2
2019-09-04 04:34:28,134,d77e070da90100bc02440d000167312b0009000000072f00,64-7F-DA-FF-FE-00-43-A5,-71,13
2019-09-04 03:34:29,133,d77e0100ba02430d000166d92b0006000000042f00,64-7F-DA-FF-FE-00-43-A5,-69,13
2019-09-04 02:34:29,132,d77e070da90100be02410d000167212b0006000000042f00,64-7F-DA-FF-FE-00-43-A5,-69,13
2019-09-04 01:34:31,131,d77e0100b0023f0d000165342b0004000000032f00,64-7F-DA-FF-FE-00-43-A5,-67,12.2
2019-09-04 00:34:31,130,d77e070da70100ae023d0d000164da2b0003000000022f00,64-7F-DA-FF-FE-00-43-A5,-72,11.2
2019-09-03 23:34:31,129,d77e0100ae023c0d000164dd2b0003000000022f00,64-7F-DA-FF-FE-00-43-A5,-72,12.5
2019-09-03 22:34:32,128,d77e070da70100b0023b0d000165262b0004000000022f00,64-7F-DA-FF-FE-00-43-A5,-69,13.2
2019-09-03 21:34:33,127,d77e0100b6023a0d000165fa2b0003000000022f00,64-7F-DA-FF-FE-00-43-A5,-65,12.2
2019-09-03 20:34:33,126,d77e070da70100b8023a0d000166632b0003000000022f00,64-7F-DA-FF-FE-00-43-A5,-69,13.2
2019-09-03 19:34:34,125,d77e0100bc02390d000166ef2b0003000000022f00,64-7F-DA-FF-FE-00-43-A5,-71,11
2019-09-03 18:34:35,124,d77e070dac0100c502380d000168652b0004000000032f00,64-7F-DA-FF-FE-00-40-AB,-103,5
2019-09-03 18:34:35,124,d77e070dac0100c502380d000168652b0004000000032f00,64-7F-DA-FF-FE-00-43-A5,-68,13.2
2019-09-03 17:34:35,123,d77e0100c802380d000168eb2b0004000000022f00,64-7F-DA-FF-FE-00-43-A5,-73,12
2019-09-03 16:34:36,122,d77e070da90100ce02390d000169ed2b0003000000022f01,64-7F-DA-FF-FE-00-40-AB,-100,-10.5
2019-09-03 16:34:36,122,d77e070da90100ce02390d000169ed2b0003000000022f01,64-7F-DA-FF-FE-00-43-A5,-69,12.2
2019-09-03 15:34:37,121,d77e0100cb02390d000169a72b0004000000032f01,64-7F-DA-FF-FE-00-43-A5,-75,13.2
2019-09-03 14:34:37,120,d77e070da70100d5023a0d00016b622b0004000000032f08,64-7F-DA-FF-FE-00-43-A5,-75,12.2
2019-09-03 13:34:38,119,d77e0100ef023a0d00016f662b0003000000022f09,64-7F-DA-FF-FE-00-43-A5,-71,12.5
2019-09-03 12:34:39,118,d77e070d910100fe023c0d0001720c2b0003000000022f09,64-7F-DA-FF-FE-00-43-A5,-79,12
2019-09-03 11:34:39,117,d77e0100ed02400d00016f5c2b0002000000012f09,64-7F-DA-FF-FE-00-43-A5,-71,11.8
2019-09-03 10:34:40,116,d77e070d8c0100ec02430d00016f632b0002000000012f09,64-7F-DA-FF-FE-00-43-A5,-68,14
2019-09-03 09:34:40,115,d77e0100df02460d00016d372b0003000000022f09,64-7F-DA-FF-FE-00-43-A5,-69,12.8
2019-09-03 08:34:41,114,d77e070d980100ce02480d00016a972b0003000000022f09,64-7F-DA-FF-FE-00-43-A5,-72,12.5
2019-09-03 07:34:42,113,d77e0100b0024b0d000166112b0003000000022f00,64-7F-DA-FF-FE-00-43-A5,-74,13
2019-09-03 06:34:43,112,d77e070da5010094024d0d000161f92b0003000000022f00,64-7F-DA-FF-FE-00-43-A5,-68,12.8
2019-09-03 05:34:43,111,d77e010099024d0d000162d02b0002000000012f00,64-7F-DA-FF-FE-00-43-A5,-69,12
2019-09-03 04:34:44,110,d77e070da70100a0024d0d000163ea2b0003000000022f00,64-7F-DA-FF-FE-00-43-A5,-69,14
2019-09-03 03:34:44,109,d77e01009f024e0d000163c12b0002000000012f00,64-7F-DA-FF-FE-00-43-A5,-69,12.2
2019-09-03 02:34:45,108,d77e070da701009c024e0d0001634a2b0002000000012f00,64-7F-DA-FF-FE-00-43-A5,-71,12.2
2019-09-03 01:34:46,107,d77e0100a2024f0d0001644c2b0002000000012f00,64-7F-DA-FF-FE-00-43-A5,-80,13.8
2019-09-03 00:34:46,106,d77e070dac0100b9024f0d000167c72b0006000000042f00,64-7F-DA-FF-FE-00-43-A5,-69,12.8
2019-09-02 23:34:47,105,d77e0100c302500d0001695f2b0007000000052f00,64-7F-DA-FF-FE-00-43-A5,-72,12.8
2019-09-02 22:34:48,104,d77e070da90100c302500d000169492b0007000000052f00,64-7F-DA-FF-FE-00-43-A5,-69,12.8
2019-09-02 21:34:48,103,d77e0100be02500d0001687d2b000a000000082f00,64-7F-DA-FF-FE-00-43-A5,-69,14.5
2019-09-02 20:34:49,102,d77e070da90100c1024f0d000168ed2b000d0000000a2f00,64-7F-DA-FF-FE-00-43-A5,-69,13
2019-09-02 19:34:50,101,d77e0100c8024f0d000169e72b000a000000082f00,64-7F-DA-FF-FE-00-43-A5,-69,13.5
2019-09-02 18:34:50,100,d77e070dac0100cf024e0d00016b092b000a000000072f00,64-7F-DA-FF-FE-00-43-A5,-72,13
2019-09-02 17:34:51,99,d77e0100d1024e0d00016b322b0006000000042f00,64-7F-DA-FF-FE-00-43-A5,-70,11.5
2019-09-02 16:34:52,98,d77e070da90100cd024e0d00016a7f2b0006000000042f01,64-7F-DA-FF-FE-00-43-A5,-71,12.8
2019-09-02 15:34:52,97,d77e0100d0024e0d00016add2b0006000000042f02,64-7F-DA-FF-FE-00-43-A5,-71,12.2
2019-09-02 14:34:53,96,d77e070da90100c1024f0d0001686b2b0007000000052f00,64-7F-DA-FF-FE-00-43-A5,-69,12.5
2019-09-02 13:34:54,95,d77e0100be024f0d000167f12b0007000000052f00,64-7F-DA-FF-FE-00-43-A5,-75,13
2019-09-02 12:34:54,94,d77e070da90100be024e0d000167b72b0005000000042f00,64-7F-DA-FF-FE-00-43-A5,-71,12.2
2019-09-02 11:34:55,93,d77e0100b5024e0d000166582b0004000000032f00,72-76-FF-00-2E-05-04-F8,-104,-4
2019-09-02 11:34:55,93,d77e0100b5024e0d000166582b0004000000032f00,64-7F-DA-FF-FE-00-43-A5,-68,12.2
2019-09-02 10:34:56,92,d77e070da70100b3024d0d000165df2b0003000000022f00,64-7F-DA-FF-FE-00-43-A5,-66,13.5
2019-09-02 09:34:56,91,d77e0100af024d0d000165142b0002000000012f00,64-7F-DA-FF-FE-00-43-A5,-67,12
2019-09-02 08:34:57,90,d77e070da70100ac024c0d000164a02b0003000000022f00,64-7F-DA-FF-FE-00-43-A5,-66,12.5
2019-09-02 07:34:58,89,d77e0100ab024b0d000164432b0003000000022f00,64-7F-DA-FF-FE-00-43-A5,-68,13.8
2019-09-02 06:34:58,88,d77e070da70100ab02490d000164172b0005000000042f00,64-7F-DA-FF-FE-00-43-A5,-72,12.8
2019-09-02 05:34:59,87,d77e0100aa02480d000163d02b0005000000042f00,64-7F-DA-FF-FE-00-43-A5,-68,12.2
2019-09-02 04:35:00,86,d77e070da70100a802460d0001635d2b0006000000042f00,64-7F-DA-FF-FE-00-43-A5,-69,13.5
2019-09-02 03:35:00,85,d77e0100a902420d0001635c2b0006000000042f00,64-7F-DA-FF-FE-00-43-A5,-73,11.8
2019-09-02 02:35:01,84,d77e070da70100a702400d000162fe2b0005000000032f00,64-7F-DA-FF-FE-00-43-A5,-69,12
2019-09-02 01:35:01,83,d77e0100a6023d0d000162bd2b0005000000032f00,64-7F-DA-FF-FE-00-43-A5,-71,11.2
2019-09-02 00:35:02,82,d77e070da70100b202390d000164542b0004000000032f00,64-7F-DA-FF-FE-00-43-A5,-67,11.5
2019-09-01 23:35:03,81,d77e0100c502360d000166e12b0003000000022f00,64-7F-DA-FF-FE-00-43-A5,-67,12
2019-09-01 22:35:03,80,d77e070dac0100ce02340d000168132b0003000000022f00,64-7F-DA-FF-FE-00-43-A5,-67,11.8
2019-09-01 21:35:04,79,d77e0100d302330d000168a92b0003000000022f00,64-7F-DA-FF-FE-00-43-A5,-65,12.8
2019-09-01 20:35:05,78,d77e070dac0100d302320d000168b42b0003000000022f00,64-7F-DA-FF-FE-00-43-A5,-68,13
2019-09-01 19:35:05,77,d77e0100dd02300d00016a032b0002000000012f00,64-7F-DA-FF-FE-00-43-A5,-68,11.5
2019-09-01 18:35:06,76,d77e070db10100e4022f0d00016af42b0002000000012f00,64-7F-DA-FF-FE-00-43-A5,-69,12.8
2019-09-01 17:35:07,75,d77e0100e4022f0d00016afa2b0003000000022f00,64-7F-DA-FF-FE-00-43-A5,-67,12.2
2019-09-01 16:35:07,74,d77e070db10100e7022e0d00016b602b0003000000022f01,64-7F-DA-FF-FE-00-43-A5,-68,13.5
2019-09-01 15:35:08,73,d77e0100e6022d0d00016b532b0002000000012f01,64-7F-DA-FF-FE-00-43-A5,-68,14
2019-09-01 14:35:09,72,d77e070dae0100e3022c0d00016b0a2b0002000000012f02,64-7F-DA-FF-FE-00-43-A5,-69,13
2019-09-01 13:35:09,71,d77e01010d022c0d000171202b0002000000012f09,64-7F-DA-FF-FE-00-43-A5,-68,14.2
2019-09-01 12:35:10,70,d77e070d96010120022b0d0001738e2b0003000000022f09,64-7F-DA-FF-FE-00-51-DB,-96,4.2
2019-09-01 11:35:10,69,d77e01010f022d0d000171462b0003000000022f09,64-7F-DA-FF-FE-00-43-A5,-64,12.2
2019-09-01 10:35:11,68,d77e070d9401010c022e0d000170832b0004000000032f09,64-7F-DA-FF-FE-00-43-A5,-67,12
2019-09-01 09:35:12,67,d77e0100f802310d00016d8e2b0003000000022f09,64-7F-DA-FF-FE-00-43-A5,-65,13
2019-09-01 08:35:13,66,d77e070d9d0100de02350d000169952b0004000000032f09,64-7F-DA-FF-FE-00-43-A5,-66,13.5
2019-09-01 07:35:13,65,d77e01009a02380d0001603e2b0005000000042f00,64-7F-DA-FF-FE-00-43-A5,-65,12
2019-09-01 06:35:14,64,d77e070da501009102380d00015f012b0006000000042f00,64-7F-DA-FF-FE-00-43-A5,-66,11.8
2019-09-01 05:35:15,63,d77e01009402360d00015f6f2b0003000000022f00,64-7F-DA-FF-FE-00-43-A5,-67,12.5
2019-09-01 04:35:15,62,d77e070da501009802350d00015ff02b0005000000042f00,64-7F-DA-FF-FE-00-43-A5,-67,13
2019-09-01 03:35:16,61,d77e01009d02340d000160a52b0005000000042f00,64-7F-DA-FF-FE-00-51-DB,-97,-1
2019-09-01 03:35:16,61,d77e01009d02340d000160a52b0005000000042f00,64-7F-DA-FF-FE-00-43-A5,-64,12.8
2019-09-01 02:35:16,60,d77e070da70100a002340d000160ed2b0004000000032f00,64-7F-DA-FF-FE-00-43-A5,-66,13.2
2019-09-01 01:35:17,59,d77e0100a302320d000161762b0004000000032f00,64-7F-DA-FF-FE-00-43-A5,-68,11.8
2019-09-01 00:35:18,58,d77e070da70100ac02320d000162982b0003000000022f00,64-7F-DA-FF-FE-00-43-A5,-67,11.5
2019-08-31 23:35:18,57,d77e0100b402300d000163ae2b0005000000032f00,64-7F-DA-FF-FE-00-43-A5,-68,11.8
2019-08-31 22:35:19,56,d77e070da90100b9022f0d000164692b0005000000042f00,64-7F-DA-FF-FE-00-43-A5,-67,13
2019-08-31 21:35:20,55,d77e0100bf022e0d0001653d2b0006000000042f00,64-7F-DA-FF-FE-00-43-A5,-68,13
2019-08-31 20:35:20,54,d77e070da90100c6022e0d0001664e2b0005000000042f00,64-7F-DA-FF-FE-00-43-A5,-68,14
2019-08-31 19:35:21,53,d77e0100d1022d0d000167d22b0003000000022f00,64-7F-DA-FF-FE-00-43-A5,-68,11.5
2019-08-31 18:35:22,52,d77e070dae0100dc022d0d0001695e2b0003000000022f00,64-7F-DA-FF-FE-00-43-A5,-69,13
2019-08-31 17:35:22,51,d77e0100e6022c0d00016ae02b0003000000022f00,64-7F-DA-FF-FE-00-43-A5,-69,12.8
2019-08-31 16:35:23,50,d77e070db10100f1022c0d00016c7e2b0003000000022f00,64-7F-DA-FF-FE-00-43-A5,-68,12.2
2019-08-31 15:35:24,49,d77e0100f5022c0d00016d282b0002000000012f01,64-7F-DA-FF-FE-00-43-A5,-71,12.5
2019-08-31 14:35:24,48,d77e070db10100f8022c0d00016de12b0001000000002f02,64-7F-DA-FF-FE-00-43-A5,-67,12.2
2019-08-31 13:35:25,47,d77e01010e022c0d000170fb2b0002000000012f03,64-7F-DA-FF-FE-00-43-A5,-68,13.8
2019-08-31 12:35:26,46,d77e070d9d010110022e0d000171532b0001000000002f09,64-7F-DA-FF-FE-00-43-A5,-68,13
2019-08-31 11:35:26,45,d77e01010b02300d000170a02b0002000000012f09,64-7F-DA-FF-FE-00-43-A5,-69,13
2019-08-31 10:35:27,44,d77e070d9401011902300d000172322b0003000000022f09,64-7F-DA-FF-FE-00-43-A5,-73,14
2019-08-31 09:35:28,43,d77e01010b02330d00016ff52b0003000000022f09,64-7F-DA-FF-FE-00-43-A5,-71,13.2
2019-08-31 08:35:29,42,d77e070dac0100c402370d0001661a2b0003000000022f01,64-7F-DA-FF-FE-00-43-A5,-71,13
2019-08-31 07:35:29,41,d77e0100c902380d000166782b0003000000022f00,64-7F-DA-FF-FE-00-51-DB,-99,5.5
2019-08-31 07:35:29,41,d77e0100c902380d000166782b0003000000022f00,64-7F-DA-FF-FE-00-40-AB,-104,5.8
2019-08-31 07:35:29,41,d77e0100c902380d000166782b0003000000022f00,64-7F-DA-FF-FE-00-43-A5,-71,11.2
2019-08-31 06:35:30,40,d77e070da501009e02390d000160c32b0003000000022f00,64-7F-DA-FF-FE-00-43-A5,-69,12.8
2019-08-31 05:35:30,39,d77e0100a402380d000161982b0002000000012f00,64-7F-DA-FF-FE-00-43-A5,-68,13.5
2019-08-31 04:35:31,38,d77e070da70100aa02370d0001625b2b0002000000012f00,64-7F-DA-FF-FE-00-43-A5,-69,12.8
2019-08-31 03:35:32,37,d77e0100b002360d000163362b0003000000022f00,64-7F-DA-FF-FE-00-43-A5,-71,13
2019-08-31 02:35:32,36,d77e070da90100b602360d0001643a2b0003000000022f00,64-7F-DA-FF-FE-00-40-AB,-98,0
2019-08-31 02:35:32,36,d77e070da90100b602360d0001643a2b0003000000022f00,64-7F-DA-FF-FE-00-43-A5,-71,9.8
2019-08-31 01:35:33,35,d77e0100c102350d0001659d2b0003000000022f00,64-7F-DA-FF-FE-00-43-A5,-69,14
2019-08-31 00:35:34,34,d77e070dac0100cb02340d000167042b0003000000022f00,64-7F-DA-FF-FE-00-43-A5,-71,13
2019-08-30 23:35:34,33,d77e0100cf02330d000167972b0004000000032f00,64-7F-DA-FF-FE-00-43-A5,-69,13.5
2019-08-30 22:35:35,32,d77e070dac0100d402330d000168572b0004000000032f00,64-7F-DA-FF-FE-00-43-A5,-71,12.8
2019-08-30 21:35:36,31,d77e0100d802330d000168e92b0004000000032f00,64-7F-DA-FF-FE-00-43-A5,-71,13
2019-08-30 20:35:36,30,d77e070dae0100d602320d000168e02b0005000000032f00,64-7F-DA-FF-FE-00-43-A5,-68,12.2
2019-08-30 19:35:37,29,d77e0100e002320d00016a642b0004000000032f00,64-7F-DA-FF-FE-00-43-A5,-69,13
2019-08-30 18:35:37,28,d77e070db10100ec02310d00016c3a2b0003000000022f00,64-7F-DA-FF-FE-00-43-A5,-69,14
2019-08-30 17:35:38,27,d77e0100f502320d00016dc92b0003000000022f00,64-7F-DA-FF-FE-00-43-A5,-69,12.2
2019-08-30 16:35:39,26,d77e070db10100fa02330d00016eb02b0002000000012f01,64-7F-DA-FF-FE-00-43-A5,-69,13.2
2019-08-30 15:35:39,25,d77e0100fc02340d00016f512b0003000000022f01,64-7F-DA-FF-FE-00-43-A5,-69,12.8
2019-08-30 14:35:40,24,d77e070db601010102360d0001705b2b0002000000012f02,64-7F-DA-FF-FE-00-43-A5,-71,12.5
2019-08-30 13:35:41,23,d77e01012e02370d000176d52b0003000000022f09,64-7F-DA-FF-FE-00-43-A5,-73,12.8
2019-08-30 12:35:42,22,d77e070db6010106023c0d000170fc2b0004000000032f01,64-7F-DA-FF-FE-00-43-A5,-68,13
2019-08-30 11:35:42,21,d77e010113023d0d000172302b0005000000042f09,64-7F-DA-FF-FE-00-43-A5,-64,12.5
2019-08-30 10:35:43,20,d77e070da70100de02410d000169db2b0007000000052f09,64-7F-DA-FF-FE-00-43-A5,-69,11.8
2019-08-30 09:35:43,19,d77e0100b102420d0001636d2b0007000000052f02,64-7F-DA-FF-FE-00-43-A5,-67,11.8
2019-08-30 08:35:44,18,d77e070da70100a202400d000161572b0006000000042f00,64-7F-DA-FF-FE-00-43-A5,-71,11.8
2019-08-30 07:35:45,17,d77e0100b4023d0d000163cd2b0005000000042f00,64-7F-DA-FF-FE-00-43-A5,-72,13.8
2019-08-30 06:35:45,16,d77e070da90100bb023b0d000164b82b0004000000022f00,64-7F-DA-FF-FE-00-43-A5,-67,11.8
2019-08-30 05:35:46,15,d77e0100b2023b0d0001635e2b0003000000022f00,64-7F-DA-FF-FE-00-43-A5,-67,12
2019-08-30 04:35:47,14,d77e070da70100a8023b0d000161f92b0003000000022f00,64-7F-DA-FF-FE-00-43-A5,-69,13
2019-08-30 03:35:47,13,d77e0100ad023b0d000162ac2b0003000000022f00,64-7F-DA-FF-FE-00-43-A5,-66,11.8
2019-08-30 02:35:48,12,d77e070dac0100b2023a0d000163702b0003000000022f00,64-7F-DA-FF-FE-00-43-A5,-67,12.5
2019-08-30 01:35:49,11,d77e0100b902390d000164702b0004000000022f00,64-7F-DA-FF-FE-00-43-A5,-67,12
2019-08-30 00:35:49,10,d77e070dac0100c102380d000165662b0003000000022f00,64-7F-DA-FF-FE-00-43-A5,-67,12.8
2019-08-29 23:35:50,9,d77e0100c602370d000166362b0003000000022f00,64-7F-DA-FF-FE-00-43-A5,-65,12.2
2019-08-29 22:35:51,8,d77e070dae0100ce02370d000167432b0005000000032f00,64-7F-DA-FF-FE-00-43-A5,-65,12.2
2019-08-29 21:35:51,7,d77e0100d502360d0001685c2b0004000000032f00,64-7F-DA-FF-FE-00-43-A5,-65,11.8
2019-08-29 20:35:52,6,d77e070db10100e002340d000169c32b0006000000042f00,64-7F-DA-FF-FE-00-43-A5,-66,11.8
2019-08-29 19:35:53,5,d77e0100ea02330d00016b3c2b0003000000022f00,64-7F-DA-FF-FE-00-43-A5,-67,11.2
2019-08-29 18:35:53,4,d77e070db30100f302320d00016c812b0003000000022f00,64-7F-DA-FF-FE-00-51-DB,-102,-3.2
2019-08-29 17:35:54,3,d77e0100f802310d00016d3e2b0003000000022f00,64-7F-DA-FF-FE-00-43-A5,-72,12.5
2019-08-29 16:35:55,2,d77e070db60100fc02310d00016dcd2b0003000000022f01,64-7F-DA-FF-FE-00-43-A5,-70,12
2019-08-29 15:35:55,1,d77e01010202310d00016e9c2b0003000000022f01,64-7F-DA-FF-FE-00-43-A5,-71,12.2
2019-08-29 14:35:56,0,d77e070da201010102310d00016e772b0003000000022f09,64-7F-DA-FF-FE-00-43-A5,-66,12.2
2019-08-13 16:07:46,0,d77e070db60100e6023a0d000162312b0003000000022f00,64-7F-DA-FF-FE-00-40-94,-68,12.5
